David Bayer     - etheon@google.com
David Gay       - dgay@google.com
Houssam Nassif  - nassif@google.com
Matt T. Proud   - mtp@google.com
Mikhail Bushkov - mbushkov@google.com
Mitch Rudominer - rudominer@google.com
Sanrag Sood     - sanragsood@google.com
Sekar Sundarrag - sundarrag@google.com
Slade Maurer    - slade@google.com
